10.722656,190.634770,167.695310,70.839840,1.230469,0.866739
10.722656,190.634770,167.695310,70.488280,1.318359,0.866739
7.822266,190.722660,167.695310,70.136720,4.306641,0.866739
4.042969,190.722660,167.695310,69.785160,6.064453,0.866739
1.494141,190.019530,167.695310,69.697266,6.855469,0.866739
1.054688,190.722660,167.695310,69.609375,7.558594,0.866739
1.142578,190.458980,167.695310,69.609375,7.998047,0.866739
0.527344,190.283200,167.695310,69.609375,8.701172,0.866739
-0.175781,190.195310,167.695310,69.609375,7.734375,0.866739
-1.054688,190.195310,167.695310,69.609375,7.822266,0.866739
-1.142578,190.195310,167.695310,69.609375,8.085938,0.866739
-1.142578,190.195310,167.695310,69.609375,8.525391,0.866739
-0.878906,190.195310,167.695310,69.609375,8.701172,0.866739
-0.791016,190.195310,167.695310,69.609375,8.701172,0.866739
-0.791016,190.195310,167.695310,69.609375,8.701172,0.866739
-0.791016,190.195310,167.695310,69.609375,8.701172,0.866739
-0.791016,190.195310,167.695310,69.609375,8.701172,0.866739
-0.791016,190.195310,167.695310,69.609375,8.701172,0.866739
-0.791016,190.195310,167.695310,69.609375,8.701172,0.866739
-0.791016,190.195310,167.695310,69.609375,8.701172,0.866739
-0.791016,190.195310,167.695310,69.609375,8.701172,0.866739
-0.791016,190.195310,167.695310,69.609375,8.701172,0.866739
-0.791016,190.195310,167.695310,69.609375,8.613281,0.866739
-0.791016,190.195310,167.695310,69.609375,8.261719,0.866739
-0.791016,190.195310,167.695310,69.609375,8.437500,0.866739
-0.791016,190.195310,167.695310,69.609375,8.701172,0.866739
-0.791016,190.195310,167.695310,69.609375,8.701172,0.866739
-0.791016,190.195310,167.695310,69.609375,8.964844,0.866739
-0.966797,190.195310,167.695310,69.609375,9.316406,0.866739
-1.054688,190.195310,167.695310,69.609375,9.492188,0.866739
-1.054688,190.195310,167.695310,69.609375,9.667969,0.866739
-1.054688,190.195310,167.695310,69.609375,9.667969,0.866739
-1.054688,190.195310,167.695310,69.609375,9.667969,0.866739
-1.054688,190.195310,167.695310,69.609375,9.667969,0.866739
-1.054688,190.195310,167.695310,69.697266,9.843750,0.866739
-0.966797,189.931640,167.431640,69.873050,10.283203,0.866739
-0.878906,189.052730,166.904300,69.960940,10.546875,0.866739
-0.527344,187.646480,165.322270,70.224610,10.810547,0.866739
-0.087891,185.712890,162.597660,70.927734,11.074219,0.866739
0.615234,183.779300,160.576170,71.894530,11.074219,0.866739
1.933594,181.933600,157.851560,72.773440,10.634766,0.866739
3.164062,180.351560,155.126950,74.091800,10.458984,0.866739
3.603516,178.945310,152.050780,75.234375,10.283203,0.866739
3.603516,177.011720,148.447270,76.552734,10.283203,0.866739
3.515625,174.990230,145.107420,79.013670,9.755859,0.866739
3.251953,172.177730,141.328125,80.595700,10.107422,0.866739
2.988281,169.101560,136.933600,82.529300,10.458984,0.866739
2.900391,166.113280,132.363280,84.462890,10.722656,0.866739
2.900391,163.212890,127.441410,85.693360,11.425781,0.866739
2.900391,160.400390,122.958984,87.275390,12.304688,0.866739
2.900391,157.675780,118.037110,89.121090,13.447266,0.866739
2.812500,154.511720,113.027340,91.494140,14.589844,0.866739
2.109375,151.083980,107.666016,94.394530,16.171875,0.866739
1.494141,147.128900,101.953125,97.646484,17.578125,0.866739
0.966797,142.734375,95.888670,100.546875,18.984375,0.866739
0.615234,138.251950,90.000000,102.568360,20.566406,0.866739
0.175781,133.857420,83.759766,103.359375,21.796875,0.866739
0.000000,130.078125,77.871090,103.710940,22.500000,0.866739
0.000000,125.683590,71.982420,104.326170,23.027344,0.866739
-0.087891,121.904300,67.412110,104.677734,23.466797,0.866739
-0.087891,118.388670,62.929688,104.941410,24.082031,0.866739
0.000000,115.488280,58.623047,105.029300,24.345703,0.866739
-0.175781,112.763670,54.755860,105.205080,24.609375,0.866739
-0.351562,110.214840,52.119140,105.205080,24.697266,0.866739
-0.527344,107.841800,50.273438,105.205080,24.697266,0.866739
-0.791016,105.644530,49.130860,105.292970,24.433594,0.866739
-0.791016,103.710940,48.691406,105.292970,24.257812,0.866739
-0.703125,101.953125,48.867188,105.292970,24.345703,0.866739
-0.351562,100.546875,49.130860,105.292970,24.609375,0.866739
0.087891,99.316410,49.570312,105.292970,24.785156,0.866739
0.527344,98.173830,50.185547,105.292970,24.785156,0.866739
0.966797,97.558590,51.064453,105.292970,24.697266,0.866739
1.230469,96.767580,51.416016,105.292970,24.433594,1.300108
1.582031,96.328125,51.591797,105.292970,24.257812,3.358613
1.582031,96.064450,51.591797,105.292970,24.257812,5.417118
1.582031,96.064450,51.591797,105.292970,24.257812,9.317443
1.494141,95.976560,51.591797,105.292970,24.257812,14.084508
1.494141,95.976560,51.591797,105.292970,24.257812,20.368364
1.494141,95.976560,51.943360,105.292970,24.257812,26.652220
1.494141,95.976560,52.382812,105.292970,24.257812,31.960997
1.494141,95.888670,52.910156,105.292970,24.257812,36.403034
1.494141,95.888670,53.437500,105.292970,24.257812,40.411700
1.494141,95.888670,54.140625,105.292970,24.257812,43.987000
1.494141,95.888670,54.931640,105.292970,24.257812,46.370530
1.494141,95.888670,55.810547,105.292970,24.257812,48.645720
1.494141,95.888670,56.425780,105.292970,24.257812,50.595886
1.494141,95.888670,57.128906,105.292970,24.257812,51.895992
1.582031,95.888670,57.568360,105.292970,24.169922,52.546047
1.933594,95.888670,57.568360,105.292970,23.642578,52.979416
2.109375,95.888670,57.656250,105.292970,23.378906,53.304440
2.373047,95.888670,57.656250,105.292970,23.203125,53.737812
2.812500,95.888670,57.656250,105.292970,23.115234,54.279526
3.164062,95.888670,57.656250,105.205080,22.587890,54.496212
3.339844,95.625000,57.656250,105.029300,22.324219,54.821236
3.603516,94.921875,57.656250,104.853516,22.324219,55.254600
3.779297,94.042970,58.095703,104.414060,22.324219,55.796318
4.130859,93.339840,59.150390,103.623050,22.324219,56.446373
4.130859,93.164060,60.996094,101.689450,22.324219,56.771397
4.482422,93.164060,63.632812,99.667970,22.236328,56.663055
4.921875,93.339840,66.533200,97.382810,21.796875,56.554710
5.361328,93.515625,70.224610,94.394530,21.445312,55.687977
5.800781,93.779300,74.003910,91.054690,21.181640,55.362946
6.240234,93.955080,78.046875,88.066410,21.093750,55.254600
6.591797,93.955080,81.386720,85.869140,21.093750,55.254600
6.679688,93.955080,84.550780,83.759766,21.269531,55.471290
7.119141,93.955080,87.187500,81.914060,20.830078,55.471290
7.294922,93.867190,89.296875,80.332030,20.126953,55.254600
7.470703,93.427734,90.966800,77.607420,20.214844,54.821236
7.646484,93.076170,92.900390,74.091800,20.566406,54.279526
7.646484,92.460940,94.658200,71.806640,20.742188,53.737812
7.646484,91.757810,95.800780,69.873050,20.917969,53.304440
7.470703,90.527340,96.591800,68.378910,21.357422,52.654385
7.119141,89.384766,96.503910,67.236330,21.796875,52.112675
6.767578,88.593750,96.416016,66.533200,21.533203,51.787650
6.328125,87.626950,96.416016,65.566410,21.708984,51.462620
5.976562,86.835940,96.152340,64.951170,21.884766,51.354280
5.800781,86.308590,95.888670,64.687500,21.796875,50.920910
5.712891,85.869140,95.800780,64.511720,21.796875,50.487540
5.537109,85.253910,95.625000,64.248050,21.796875,50.487540
5.449219,84.902340,95.712890,63.984375,21.796875,50.379200
5.449219,84.638670,95.712890,63.896484,21.796875,50.379200
5.449219,84.462890,95.712890,63.632812,21.796875,50.379200
5.449219,84.287110,95.712890,63.193360,21.796875,49.945827
5.449219,84.199220,95.625000,62.841797,21.796875,48.645720
5.449219,84.199220,95.625000,62.490234,21.796875,46.478874
5.449219,84.199220,95.712890,62.050780,21.972656,42.686890
5.449219,84.199220,95.625000,61.523438,22.324219,36.619717
5.449219,83.847660,95.185550,61.171875,22.851562,30.119177
5.449219,84.199220,94.218750,60.996094,22.500000,23.076923
5.449219,84.023440,93.251950,61.259766,22.587890,17.768148
5.361328,84.023440,92.724610,61.699220,22.675781,15.276273
5.361328,83.935550,91.933590,61.962890,22.675781,14.842903
5.361328,84.023440,92.197266,62.314453,22.675781,14.842903
5.361328,84.375000,92.021484,62.402344,22.675781,14.842903
5.361328,84.902340,91.669920,62.314453,22.675781,14.842903
5.361328,85.429690,91.494140,62.666016,22.675781,14.842903
5.361328,85.957030,91.494140,63.281250,22.675781,14.842903
5.361328,86.308590,91.494140,63.984375,22.675781,14.734562
5.449219,86.572266,91.494140,64.951170,22.675781,14.734562
5.449219,86.835940,91.494140,66.093750,22.675781,14.626219
5.449219,87.275390,91.494140,67.500000,22.675781,14.626219
5.449219,87.978516,91.494140,68.906250,22.587890,14.626219
5.449219,89.033200,91.582030,70.224610,22.412110,14.626219
5.449219,90.527340,91.582030,71.806640,22.412110,14.626219
5.712891,92.373050,91.933590,72.861330,21.708984,14.626219
6.152344,94.482420,92.373050,73.564450,21.093750,14.626219
6.679688,96.855470,92.460940,74.794920,20.742188,14.626219
7.207031,99.052734,92.373050,77.167970,20.478516,14.626219
7.910156,100.986330,91.406250,79.716800,20.478516,14.626219
8.613281,102.480470,89.472660,82.968750,20.302734,14.626219
9.580078,103.535160,86.923830,86.923830,20.214844,14.626219
10.546875,104.062500,83.496090,90.615234,20.302734,14.626219
11.425781,104.326170,79.804690,93.339840,19.775390,14.626219
12.480469,104.326170,75.322266,96.064450,19.160156,14.626219
13.535156,104.238280,70.664060,99.228516,18.632812,14.626219
14.765625,104.150390,65.654300,101.425780,17.753906,14.626219
16.611328,104.326170,60.996094,103.007810,16.787110,14.626219
18.369140,104.853516,57.304688,103.710940,15.732422,14.626219
20.390625,105.468750,53.876953,104.238280,14.677734,14.626219
22.763672,106.083984,51.064453,104.501950,13.798828,14.517877
25.224610,106.699220,48.779297,104.765625,13.095703,14.517877
27.861328,107.050780,46.142580,104.941410,12.568359,14.517877
30.585938,107.138670,43.242188,105.029300,11.953125,14.517877
33.398438,107.138670,40.341797,105.029300,11.689453,14.517877
36.298830,107.138670,37.353516,104.765625,11.689453,14.517877
39.287110,107.138670,34.716797,104.589840,11.865234,14.517877
42.451170,107.314450,32.871094,104.326170,11.865234,14.517877
45.351562,107.666016,31.640625,103.447266,12.480469,14.517877
47.988280,107.841800,30.849610,102.656250,13.183594,14.517877
50.625000,108.017580,30.234375,101.689450,13.798828,14.517877
52.998047,108.369140,29.882812,100.634766,14.326172,14.517877
55.195312,108.632810,29.707031,99.492190,15.029297,14.517877
57.128906,109.160160,29.619140,98.437500,15.732422,14.517877
58.710938,109.511720,29.619140,97.470700,16.171875,14.517877
59.941406,109.775390,29.443360,96.503910,16.611328,14.517877
60.644530,110.039060,29.443360,95.449220,17.050781,14.517877
61.083984,110.126950,29.443360,94.570310,17.314453,14.517877
61.171875,110.126950,29.443360,93.515625,17.490234,14.517877
61.083984,110.126950,29.443360,92.724610,17.841797,14.517877
61.523438,110.126950,29.443360,92.109375,18.281250,14.517877
61.787110,110.126950,29.443360,91.230470,18.544922,14.517877
61.962890,110.126950,29.443360,90.351560,18.632812,14.517877
62.490234,110.126950,29.443360,89.648440,18.720703,14.517877
62.666016,110.126950,29.443360,89.033200,18.720703,14.517877
62.753906,110.126950,29.443360,88.417970,18.720703,14.517877
62.490234,110.126950,29.443360,88.066410,18.720703,14.517877
62.226562,110.126950,29.443360,87.539060,18.720703,14.517877
61.875000,110.126950,29.443360,86.923830,18.720703,14.517877
61.699220,110.126950,29.619140,86.308590,18.720703,14.517877
61.611330,110.126950,29.619140,85.781250,18.720703,14.517877
61.611330,110.126950,29.619140,85.253910,18.720703,14.517877
61.699220,110.126950,30.058594,84.902340,18.632812,14.517877
61.875000,110.126950,30.410156,84.726560,18.281250,14.517877
61.875000,110.126950,30.410156,84.638670,18.193360,14.517877
61.875000,110.039060,30.585938,84.638670,18.193360,14.517877
61.875000,110.039060,30.585938,84.638670,18.281250,14.517877
61.787110,110.039060,30.585938,84.375000,18.544922,15.492958
61.699220,110.039060,30.585938,83.935550,18.720703,17.443121
61.699220,110.126950,31.025390,83.671875,18.632812,19.826653
61.611330,110.126950,31.376953,83.496090,18.193360,22.751896
61.259766,110.126950,31.992188,83.408200,18.193360,25.460455
60.820312,110.039060,32.431640,83.408200,18.193360,30.010834
60.644530,110.039060,33.046875,83.408200,18.193360,37.053090
60.292970,110.126950,34.013670,83.408200,18.017578,45.503790
59.941406,110.126950,34.892580,83.408200,17.666016,54.171180
59.765625,110.126950,35.419920,83.408200,17.402344,63.380283
59.765625,109.951170,35.595703,83.408200,17.226562,71.939320
59.853516,109.951170,35.771484,83.408200,17.138672,80.281690
60.029297,110.039060,35.771484,83.408200,17.138672,87.323944
60.117188,110.214840,35.771484,83.408200,17.138672,91.549290
60.117188,110.214840,35.771484,83.408200,17.138672,93.932820
60.029297,110.214840,35.771484,83.408200,16.962890,95.232930
59.853516,110.126950,35.771484,83.408200,16.611328,95.666306
59.765625,110.126950,35.771484,83.408200,16.435547,95.016250
59.765625,110.126950,35.771484,83.408200,16.259766,93.174430
59.765625,110.214840,35.771484,83.408200,16.259766,89.924164
59.765625,110.214840,35.771484,83.408200,16.259766,85.482124
59.677734,110.214840,35.771484,83.408200,16.259766,79.306610
59.501953,110.126950,35.771484,83.408200,16.259766,72.156010
59.326170,110.126950,36.123047,83.408200,16.259766,64.572050
59.062500,110.126950,36.298830,83.408200,16.259766,56.121340
58.974610,110.214840,36.474610,83.408200,16.259766,47.345610
58.974610,110.214840,36.474610,83.408200,16.259766,38.461540
58.974610,110.214840,36.474610,83.408200,16.259766,29.685806
59.062500,110.126950,36.474610,83.408200,16.259766,21.235102
59.150390,110.126950,36.474610,83.408200,16.259766,13.434453
59.150390,110.126950,36.474610,83.408200,16.171875,8.234019
59.150390,110.126950,36.474610,83.408200,15.644531,5.308775
59.062500,110.126950,36.562500,83.408200,15.380859,4.008667
59.062500,110.126950,36.650390,83.408200,15.205078,3.250271
58.974610,110.126950,36.826170,83.408200,15.205078,2.166847
58.974610,110.214840,37.177734,83.408200,15.205078,1.516793
58.974610,110.214840,37.353516,83.408200,15.029297,1.191766
58.886720,110.126950,37.353516,83.408200,15.029297,0.975081
58.447266,110.126950,37.353516,83.408200,14.853516,0.866739
57.568360,110.126950,37.353516,83.408200,14.501953,0.866739
56.425780,110.214840,37.353516,83.144530,14.062500,0.866739
55.019530,110.214840,37.792970,82.617190,13.623047,0.866739
53.085938,110.214840,38.144530,82.353516,13.271484,0.866739
50.800780,110.214840,38.408203,82.177734,12.568359,0.866739
47.988280,110.478516,39.111330,82.089840,11.953125,0.866739
44.736330,111.093750,40.078125,82.089840,11.513672,0.866739
41.132812,111.621090,40.957030,81.298830,10.634766,0.866739
37.089844,112.236330,42.011720,80.507810,10.019531,0.866739
32.607420,113.115234,43.681640,79.892580,9.667969,0.866739
28.037110,113.906250,45.439453,79.277340,9.404297,0.866739
23.642578,114.697266,46.933594,78.750000,9.316406,0.866739
19.160156,115.048830,47.812500,78.486330,9.140625,0.866739
14.765625,115.312500,48.251953,78.398440,9.140625,0.866739
11.513672,115.664060,48.867188,78.398440,9.228516,0.866739
8.789062,116.367190,49.746094,78.398440,9.492188,0.866739
6.855469,117.158200,50.800780,78.398440,9.843750,0.866739
5.449219,117.773440,52.031250,78.398440,10.283203,0.866739
4.658203,118.740234,53.437500,78.662110,10.722656,0.866739
4.042969,119.970700,54.843750,78.925780,11.250000,0.866739
3.427734,121.464840,56.865234,78.925780,11.513672,0.866739
2.988281,123.662110,59.238280,78.925780,11.865234,0.866739
2.460938,126.298830,61.699220,78.925780,12.304688,0.866739
2.285156,129.287110,64.511720,78.925780,12.480469,0.866739
2.197266,132.802730,67.675780,78.925780,12.656250,0.866739
2.285156,137.021480,70.927734,79.013670,12.656250,0.866739
2.900391,141.503900,74.267580,79.716800,12.832031,0.866739
3.779297,146.337890,77.519530,80.507810,13.359375,0.866739
4.746094,151.435550,80.771484,81.474610,13.710938,0.866739
5.888672,156.708980,83.583984,82.705080,13.710938,0.758397
7.207031,162.070310,86.308590,83.496090,13.710938,0.758397
7.910156,167.167970,89.208984,84.375000,13.535156,0.758397
8.173828,172.968750,91.933590,84.638670,13.271484,0.758397
8.349609,177.890625,94.658200,84.814450,13.183594,0.758397
8.876953,182.900390,96.328125,85.517580,13.183594,0.758397
10.371094,186.240230,96.416016,86.923830,13.183594,0.758397
10.722656,188.437500,97.119140,88.154300,13.183594,0.758397
10.546875,189.140625,97.910160,88.945310,13.183594,0.758397
10.107422,189.492190,98.349610,89.121090,13.271484,0.758397
10.283203,189.667970,99.404300,88.681640,13.183594,0.758397
10.898438,189.667970,100.107420,87.626950,13.183594,0.758397
11.425781,189.667970,101.865234,86.220700,13.183594,0.758397
11.689453,189.667970,103.710940,83.935550,13.183594,0.758397
11.425781,189.667970,106.171875,81.386720,13.359375,0.758397
11.513672,189.667970,108.984375,78.574220,13.183594,0.758397
11.425781,189.667970,112.060550,75.322266,13.183594,0.758397
11.250000,189.667970,115.488280,72.333984,13.007812,0.758397
10.986328,189.667970,119.091800,69.433590,12.656250,0.758397
10.634766,189.667970,122.958984,67.148440,12.216797,0.758397
10.458984,189.667970,127.001950,65.302734,11.689453,0.758397
10.283203,189.667970,130.869140,63.984375,11.601562,0.758397
10.107422,189.667970,134.384770,62.929688,11.777344,0.758397
9.931641,189.667970,137.460940,62.314453,11.513672,0.758397
9.931641,189.667970,140.185550,62.138670,11.250000,0.758397
10.019531,189.667970,142.910160,62.138670,11.250000,0.758397
10.019531,189.667970,145.634770,62.138670,11.250000,0.758397
10.019531,189.667970,148.183600,62.490234,11.250000,0.758397
10.019531,189.667970,150.644530,62.753906,11.250000,0.758397
10.019531,189.667970,153.457030,63.017580,11.074219,0.758397
10.019531,189.667970,156.093750,63.808594,10.722656,0.758397
10.019531,189.667970,158.115230,65.039060,10.195312,0.758397
10.019531,189.667970,160.224610,66.181640,9.755859,0.758397
10.019531,189.667970,162.158200,67.675780,9.228516,0.758397
10.107422,188.964840,163.212890,68.730470,8.701172,0.758397
9.931641,189.140625,163.916020,69.345700,8.349609,0.758397
9.843750,190.107420,164.970700,70.927734,7.734375,0.758397
9.931641,190.107420,166.113280,72.246090,6.591797,0.758397
9.931641,190.195310,166.816400,72.861330,6.064453,0.758397
9.843750,190.195310,167.167970,73.388670,5.361328,0.758397
9.931641,190.195310,167.519530,73.652340,4.746094,0.758397
10.195312,190.195310,167.607420,73.916016,3.867188,0.758397
10.458984,190.195310,167.607420,73.916016,2.900391,0.758397
10.634766,190.195310,167.607420,73.652340,1.757812,0.758397
10.722656,190.195310,167.607420,73.564450,1.230469,0.758397
10.722656,190.195310,167.695310,73.564450,0.791016,0.758397
10.722656,190.195310,167.695310,73.564450,0.527344,0.758397
10.634766,190.195310,167.695310,73.564450,0.351562,0.758397
10.634766,190.195310,167.695310,73.652340,0.263672,0.758397
10.634766,190.195310,167.695310,73.740234,0.263672,0.758397
10.634766,190.195310,167.695310,73.828125,0.263672,0.758397
10.634766,190.195310,167.695310,73.828125,0.263672,0.758397
10.634766,190.195310,167.695310,73.828125,0.439453,0.758397
10.722656,190.195310,167.695310,73.828125,0.615234,0.758397
10.810547,190.195310,167.695310,73.828125,0.703125,0.758397
10.722656,190.195310,167.695310,73.828125,0.703125,0.758397
10.722656,190.195310,167.695310,73.828125,0.703125,0.758397
10.722656,190.195310,167.695310,73.828125,0.703125,0.758397
10.722656,190.195310,167.695310,73.828125,0.703125,0.758397
10.722656,190.195310,167.695310,73.828125,0.703125,0.758397
10.722656,190.195310,167.695310,73.828125,0.703125,0.758397
10.722656,190.195310,167.695310,73.828125,0.703125,0.758397
10.722656,190.195310,167.695310,73.828125,0.703125,0.758397
10.722656,190.195310,167.695310,73.828125,0.703125,0.758397
10.722656,190.195310,167.695310,73.828125,0.703125,0.758397
10.722656,190.195310,167.695310,73.828125,0.703125,0.758397
10.722656,190.195310,167.695310,73.828125,0.703125,0.758397
10.722656,190.195310,167.695310,73.828125,0.703125,0.758397
10.722656,190.195310,167.695310,73.828125,0.703125,0.758397
10.722656,190.195310,167.695310,73.828125,0.703125,0.758397
10.722656,190.195310,167.695310,73.828125,0.703125,0.758397
10.722656,190.195310,167.695310,73.828125,0.703125,0.758397
10.722656,190.195310,167.695310,73.828125,0.703125,0.758397
10.722656,190.195310,167.695310,73.828125,0.703125,0.758397
10.722656,190.195310,167.695310,73.828125,0.703125,0.758397
10.722656,190.195310,167.695310,73.828125,0.703125,0.758397
10.722656,190.195310,167.695310,73.828125,0.703125,0.758397
10.722656,190.195310,167.695310,73.828125,0.703125,0.758397
10.722656,190.195310,167.695310,73.828125,0.703125,0.758397
10.722656,190.195310,167.695310,73.828125,0.703125,0.758397
10.722656,190.195310,167.695310,73.828125,0.703125,0.758397
10.722656,190.195310,167.695310,73.828125,0.703125,0.758397
10.722656,190.195310,167.695310,73.828125,0.703125,0.758397
10.722656,190.195310,167.695310,73.828125,0.703125,0.758397
